{"num_layers": 2, "units_0": 128, "l1_0": 0.004067917606912816, "l2_0": 0.00026182926768185427, "dropout_0": 0.0, "units_1": 256, "l1_1": 0.0008720734521949076, "l2_1": 0.005809628211149575, "dropout_1": 0.2, "learning_rate": 0.0005452907696240787, "units_2": 160, "l1_2": 0.00037415503427740767, "l2_2": 0.002548593086517296, "dropout_2": 0.1, "units_3": 192, "l1_3": 0.00012156239190520959, "l2_3": 7.145069544063455e-05, "dropout_3": 0.0, "units_4": 224, "l1_4": 0.00011769081598160438, "l2_4": 1.96361297653273e-05, "dropout_4": 0.0}