{"num_layers": 3, "units_0": 224, "l1_0": 1.1770717938345075e-05, "l2_0": 0.00010475693111475635, "dropout_0": 0.05, "learning_rate": 0.0011851307653475837, "units_1": 416, "l1_1": 2.6530277839694548e-05, "l2_1": 3.714400064260753e-06, "dropout_1": 0.15000000000000002, "units_2": 352, "l1_2": 8.51529148624536e-05, "l2_2": 0.0005572657781062138, "dropout_2": 0.05}