{"num_layers": 3, "units_0": 224, "l1_0": 1.7934773544516099e-06, "l2_0": 0.008513022962355675, "dropout_0": 0.0, "units_1": 160, "l1_1": 1.8450019776527085e-06, "l2_1": 1.3145037360823975e-06, "dropout_1": 0.2, "learning_rate": 0.0006045397453672276, "units_2": 256, "l1_2": 9.683505643894138e-06, "l2_2": 8.673861474955817e-06, "dropout_2": 0.2, "units_3": 256, "l1_3": 8.815714828926477e-05, "l2_3": 0.00015095862325194704, "dropout_3": 0.30000000000000004, "units_4": 64, "l1_4": 0.00028531134077725787, "l2_4": 1.937121066831506e-05, "dropout_4": 0.0}