{"num_layers": 3, "units": 512, "dropout_rate": 0.20502924726067387, "learning_rate": 0.00021543090477964383, "l1_reg": 4.1546327889531985e-05, "l2_reg": 1.4496373911843364e-07, "epochs": 200, "batch_size": 32}